{"cameraMode":{"drawMode":0,"name":"Shaded","section":"Shading Mode"},"sceneLighting":true,"audioPlay":false,"sceneViewState":{"showFog":true,"showMaterialUpdate":false,"showSkybox":true,"showFlares":true,"showImageEffects":true,"showParticleSystems":true},"in2DMode":false,"pivot":{"x":-1.027624249458313,"y":3.895394802093506,"z":-1.241413950920105},"rotation":{"x":0.14697013795375825,"y":0.041003111749887469,"z":-0.005826752632856369,"w":0.9884268045425415},"size":2.6766409873962404,"orthographic":true}