{"cameraMode":{"drawMode":0,"name":"Shaded","section":"Shading Mode"},"sceneLighting":true,"audioPlay":false,"sceneViewState":{"showFog":true,"showMaterialUpdate":false,"showSkybox":true,"showFlares":true,"showImageEffects":true,"showParticleSystems":true},"in2DMode":false,"pivot":{"x":-0.7898556590080261,"y":4.439167022705078,"z":-1.622030258178711},"rotation":{"x":0.21105608344078065,"y":-0.020523086190223695,"z":0.004446974024176598,"w":0.9772627949714661},"size":22.588191986083986,"orthographic":true}