{"cameraMode":{"drawMode":0,"name":"Shaded","section":"Shading Mode"},"sceneLighting":true,"audioPlay":false,"sceneViewState":{"showFog":true,"showMaterialUpdate":false,"showSkybox":true,"showFlares":true,"showImageEffects":true,"showParticleSystems":true},"in2DMode":false,"pivot":{"x":-4.6591796875,"y":4.130615234375,"z":0.830078125},"rotation":{"x":0.14066928625106812,"y":0.5308262705802918,"z":-0.08985389024019242,"w":0.8308982253074646},"size":3.6708695888519289,"orthographic":true}