{"cameraMode":{"drawMode":0,"name":"Shaded","section":"Shading Mode"},"sceneLighting":true,"audioPlay":false,"sceneViewState":{"showFog":true,"showMaterialUpdate":false,"showSkybox":true,"showFlares":true,"showImageEffects":true,"showParticleSystems":true},"in2DMode":false,"pivot":{"x":-3.053313970565796,"y":15.56689453125,"z":2.7485594749450685},"rotation":{"x":0.237454354763031,"y":-0.3874872028827667,"z":0.10396008938550949,"w":0.8847178816795349},"size":18.380319595336915,"orthographic":true}