{"cameraMode":{"drawMode":0,"name":"Shaded","section":"Shading Mode"},"sceneLighting":true,"audioPlay":false,"sceneViewState":{"showFog":true,"showMaterialUpdate":false,"showSkybox":true,"showFlares":true,"showImageEffects":true,"showParticleSystems":true},"in2DMode":false,"pivot":{"x":0.624267578125,"y":2.28076171875,"z":0.462890625},"rotation":{"x":-0.2582101821899414,"y":0.11364901065826416,"z":-0.03155059367418289,"w":-0.9590802788734436},"size":5.9073896408081059,"orthographic":true}