{"cameraMode":{"drawMode":0,"name":"Shaded","section":"Shading Mode"},"sceneLighting":false,"audioPlay":false,"sceneViewState":{"showFog":true,"showMaterialUpdate":false,"showSkybox":false,"showFlares":true,"showImageEffects":true,"showParticleSystems":true},"in2DMode":false,"pivot":{"x":-2.1210718154907228,"y":0.7763640880584717,"z":0.5523848533630371},"rotation":{"x":0.1943419724702835,"y":0.021554583683609964,"z":-0.004002734087407589,"w":0.9808436632156372},"size":5.3885297775268559,"orthographic":true}