{"cameraMode":{"drawMode":0,"name":"Shaded","section":"Shading Mode"},"sceneLighting":true,"audioPlay":false,"sceneViewState":{"showFog":true,"showMaterialUpdate":false,"showSkybox":true,"showFlares":true,"showImageEffects":true,"showParticleSystems":true},"in2DMode":false,"pivot":{"x":0.2263689488172531,"y":4.1959547996521,"z":0.5027945041656494},"rotation":{"x":0.10538215935230255,"y":0.16746895015239716,"z":-0.017971694469451906,"w":0.9801443815231323},"size":6.540921211242676,"orthographic":true}