{"cameraMode":{"drawMode":0,"name":"Shaded","section":"Shading Mode"},"sceneLighting":true,"audioPlay":false,"sceneViewState":{"showFog":true,"showMaterialUpdate":false,"showSkybox":true,"showFlares":true,"showImageEffects":true,"showParticleSystems":true},"in2DMode":false,"pivot":{"x":0.2263689488172531,"y":4.1959547996521,"z":0.5027945041656494},"rotation":{"x":0.15887656807899476,"y":0.02788456343114376,"z":-0.0043611908331513409,"w":0.9869807958602905},"size":7.845892429351807,"orthographic":true}