{"cameraMode":{"drawMode":0,"name":"Shaded","section":"Shading Mode"},"sceneLighting":true,"audioPlay":false,"sceneViewState":{"showFog":true,"showMaterialUpdate":false,"showSkybox":true,"showFlares":true,"showImageEffects":true,"showParticleSystems":true},"in2DMode":false,"pivot":{"x":-0.6438549160957336,"y":0.9572257399559021,"z":-2.0152266025543215},"rotation":{"x":0.30568262934684756,"y":-0.4254349172115326,"z":0.1556709110736847,"w":0.8376206755638123},"size":4.936328411102295,"orthographic":true}