{"cameraMode":{"drawMode":0,"name":"Shaded","section":"Shading Mode"},"sceneLighting":true,"audioPlay":false,"sceneViewState":{"showFog":true,"showMaterialUpdate":false,"showSkybox":true,"showFlares":true,"showImageEffects":true,"showParticleSystems":true},"in2DMode":false,"pivot":{"x":0.60595703125,"y":3.322265625,"z":-0.0205078125},"rotation":{"x":-0.15750576555728913,"y":0.12807521224021913,"z":-0.021424708887934686,"w":-0.979149341583252},"size":14.909178733825684,"orthographic":true}