{"cameraMode":{"drawMode":0,"name":"Shaded","section":"Shading Mode"},"sceneLighting":true,"audioPlay":false,"sceneViewState":{"showFog":true,"showMaterialUpdate":false,"showSkybox":true,"showFlares":true,"showImageEffects":true,"showParticleSystems":true},"in2DMode":false,"pivot":{"x":0.2263689488172531,"y":4.1959547996521,"z":0.5027945041656494},"rotation":{"x":0.12359517812728882,"y":0.4439377784729004,"z":-0.061762478202581409,"w":0.885434627532959},"size":8.38239574432373,"orthographic":true}